video_name,caption01,caption02,caption03,caption04,caption05,caption06,caption07,caption08,caption09,caption10,caption11
-YwZOeyAQC8_15.mp4,A man playing on the wii which is making the baby chuckle while the dog ignores them from the other sofa,"A man in shorts sits in a chair next to a standard lamp, with a smiling baby on his lap, operating a Wii remote controller, while two small dogs are sat on a nearby sofa",A man with a baby on his lap playing Wii,father & child enjoying a show,"A man sits playing video games on his TV while holding a baby, with two small dogs resting on a nearby sofa",,,,,,
1AIVH5cEWrI_35.mp4,Two young women are facing one another and swaying side-to-side while singing. ,Two friends singing and swaying together while looking into each other's eyes.,Two women sing together.,Two girls are dancing close together and facing each other.,Two females learning how to sing together in harmony.,,,,,,
2-8-0-2-5-4-8-8-5028025488_7.mp4,A little girl around 6 years old is paging through a picture with her toddler sister,two siblings reading the book,two young children reading a book together,Two children reading a book together.,"A young girl sits looks at a book, turning the pages, while a younger child looks over her shoulder",Girl and boy watching book,"Two children are reading a picture book; the older one turns a page and looks at it intently while sitting, and the younger one stands and points at it.",A young girl is reading a book and her little sister points to something on the page,"Two toddlers flipping through a children's book
","A girl in a pink dress is looking through a book and her sibling is standing next to her, watching as she does this ",two sisters reading a book
3PJaYWt0cws_5.mp4,"A boy riding a skateboard down a ramp
",A boy riding a skateboard going down a ramp,A boy is going down a ramp on a skateboard and another boy is sitting watching him.,A boy is riding a skateboard down a fairly small skateboard ramp whilst another boy watches him.,A young boy is skateboarding down a ramp.  Another boy is sitting on the edge of the ramp watching him.,A boy is skateboarding down a ramp whilst another boy sits on the edge of the ramp and watches.,A young boy skateboarding at a skate park.,,,,
7-5-1-0-3-6-9-8-3775103698_9.mp4,two people discuss plans for a playground,Two people are looking at a basketball court map.,A woman is talking to another woman about a poster showing a playing field and gesturing her hands at the same time.,One person is looking at and motioning towards a picture of a stadium and the other person is looking and listening.,Q woman explaining a picture to a man.,,,,,,
8-6-0-3-9-6-6-0-19586039660_4.mp4,Two kids playing with a toy dog.,Kids playing with a teddy of cat or dog ,"A girl and boy are playing with a toy cat, the girl picks something up and then sits down, the boy then reaches for his turn.",two children interacting with what appears to be a toy dog.,two babies play with toy,Two small children are playing with a toy in their living room.,,,,,
9hlyu-wDkg4_4.mp4,Two men are outside and talking.,"two males are talking about their gardening plans, and are preparing for the hot work.",Two men look around and talk.,"There are two men, who seem to be discussing something, and one of the men, with his hands in his pockets seems to be dominating the conversation. ",Two adult males conversing in front of a house.,,,,,,
9jw7D-exQDg_77.mp4,two children sit next to eachother with microphones in their hands and the girl in the red shirt watches the girl in the pattern shirt while she talks,A little girl sings with a older female,A lady and a young girl sing into a microphone.,"Two girls, one significantly younger, sing into microphones at home.",2 sisters are singing together,,,,,,
FJzKgF-nR0E_15.mp4,The baby in the bouncy chair and the adult are enjoying a good time together.,A woman tries to entertain a baby.,child playing with a baby,A woman playfully laughs at a child who looks back at her.,A baby is playing with there toys well an older girl is laughing with them.,,,,,,
FSQ2vBJ0hmw_20.mp4,Two very young babies are laying down on their backs and mildly squirming their legs. ,Two young babies in baby gros together laid down.,Two young babies are wriggling side by side in a cot.,The babies are laying in the bed,"Two babies are lying in the cot kicking their legs, one on his back the other is on his front",,,,,,
IkTAuzVeD2Q_46.mp4,"Two children are in a kitchen, the elder child is feeding the younger one.",A young girl who appears to perhaps be an elder sister is holding out a spoon of food and feeding it to a younger boy in a high chair wearing a bib. The young boy is taking the food and has food around his mouth and front.,Toddler feeding her baby brother or sister,A child feeding another.,one child feeding another in a highchair ,,,,,,
WJ-84ioZqcc_41.mp4,Two little brothers are laughing and playing together on a bed with their toys in their little hands.,Two children laugh and play with a basketball and a football. ,two children playing,Two children play with toy balls on a bed.,Two young children are playing on the bed,,,,,,
b7y36KyAIoI_120.mp4,A woman has baked some treats and a man looks like he is complimenting her work whilst tasting.,A woman laughs in a kitchen.,A man is describing and discussing food with a woman beside him in a kitchen.,Man speaking to female cook whilst trying food,"A man and a woman are standing in a kitchen, observing a plate of food. The man reaches for the food while the woman smiles.",,,,,,
bing-heavy_com_entertainment_2017_10_this-is-us-spoilers-chrissy-metz-kate-singing-songs__249.mp4,A woman is singing to a man on stage.,a sister on the stage singing a song to her brother,Woman singing towards a man. ,A lady is sitting down and speaking into a microphone,A woman is talking or singing into a mic while looking at a man that is partially off camera.,,,,,,
eJRbWjg73fE_116.mp4,An adult and child cooking,A dad teaching a boy how to cook a dessert.,Father showing teenager how to cook,a man with his son in the kitchen,Baking a cake.,,,,,,
flickr-0-1-6-8-3-2-4-3-4401683243_31.mp4,Two men fishing by a very windy coastline.,"Two people quietly fishing by the ocean, waiting for the fish to bite.",Two people sea fishing on the edge of a metal fence.,Man playing with his fishing pole while a woman stands next to her fishing pole.,"Two people are separately fishing at a beach, they are not together.",,,,,,
flickr-0-5-6-9-8-9-0-8-4405698908_26.mp4,2 teenage girls performing musical act,Two women are on a stage singing. ,"A girl is sitting on the floor playing the guitar, while another girl is singing.","Two people are performing on stage, one sitting playing guitar and the other standing singing. They are aware of each other but not interacting.","on a stafe with a black curtain behind them, a girl in an open checked top holds a microphone while a figure sits cross legged on the floor playing guitar",,,,,,
flickr-0-6-1-2-0-7-8-4-4606120784_26.mp4,A drummer and a pinist playing together ,A man playing the drums and another man on the keyboard,Two musicians are playing musical instruments.,Two men are playing music together. One is sitting at his drum kit playing the drums and one is sitting playing a keyboard. They look like they are a band practising.,One person is playing a keyboard and may be singing as there is a microphone in front of his mouth.  Another person is playing a drum and cymbal set.,"One person is playing a keyboard, perhaps also singing and another person is playing a drum and cymbal set. ",A man singing & playing the keyboard while the other plays drums.,,,,
flickr-0-9-3-5-5-6-6-9-5809355669_3.mp4,The adult is holding the baby's bottle and pretending to suck on it while the baby is laughing about it.,A baby laughs at a man drinking through a straw.,man playing with a baby,A man is drinking a drink whilst the baby is laughing at him.,A man is drinking something from a straw well a baby is laughing at him,,,,,,
flickr-0-9-4-9-7-9-0-1-3009497901_3.mp4,The child is showing the baby the book.,Baby watching a child read them a picture story. ,A young child reads a book to a baby.,a brother reading his baby brother a book ,One child showing his baby sibling a book,,,,,,
flickr-1-0-3-5-1-1-0-6-2810351106_1.mp4,One toddler tickles another with a feather duster,a baby is tickling another baby with a large brush,A child is waving a yellow fluffy duster to amuse a baby in a highchair.,todler touches baby head with duster,Playing ,two toddlers with one with a feather brush tickling the other toddler with it.,,,,,
flickr-1-1-2-0-2-4-6-6-7211202466_8.mp4,A couple hiking with some dogs,A man and a women hiking with 3 dogs behind them,A man and a woman are walking dogs in the forest.,Two people are out for a walk in the woods with either their own dogs or they have passed some dogs whilst out walking.,A man and a woman holding a lead are walking in the foreground with some dogs in the background.,A man and a woman hiking with 3 dogs.,,,,,
flickr-1-6-4-12557575164_3.mp4,A man and a small girl on a cart that is being pulled on a small track line.,The girl smiles at the van as they are moved along the track.,An asian man and daughter on a rail track.,Man and girl travelling on railcart.,"A parent and their child are riding a cart on a track together, smiling and posing for the camera.",,,,,,
flickr-1-8-1-1-6-5-4-7-6118116547_81.mp4,father reading to a young baby,A man is reading to a baby. ,"A father is reading to his baby, who is pointing out things in the book, while he is on his knee. ","A father is sitting with his child in front, on his lap, as they read a story book together",a man sits on a sofa reading a book with an infant child sat on his lap pointing at the pages,,,,,,
flickr-1-9-7-9-4-8-8-5-5319794885_45.mp4,two men working while sparks fly in the background,Two guys work in a kitchen with a big flame in the background.,Two people in a kitchen and one of them is carrying a silver pot.,One man picks up a pot and carries it across the kitchen as another man walks past him looking at him.,A cook preparing a meal.,,,,,,
flickr-2-0-5-7-0-2-3-3-4720570233_26.mp4,looks like a chef is showing a student on how to decorate the pastries .,"Fast worker puts topping on small cakes in a kitchen, with someone paying close attention.",one man is frosting cupcakes while the other man is watching and paying attention,Looks like someone trying to bake & beening shown how to do it.,A man decorates a baked good while another watches.,,,,,,
flickr-2-1-6-6-7-1-1-2-16621667112_15.mp4,Two men are looking at a computer.,Two men looking at a computer screen with one man pointing something out to the other,One man sitting at a computer while another man behind him points something out to him on the monitor.,a guy teaching and showing another guy something on a computer ,two men looking at a computer screen and one man pointing something out,,,,,,
flickr-2-2-8-4-6-0-2-0-8222846020_11.mp4,Two people stand facing each other while one talks to the other,One man speaks to another man.,A man is explaining something to another man right in front of him.,Man speaking to woman in front of door.,"Two young men talk to each other in front of a door, while standing a few feet apart.",,,,,,
flickr-2-3-8-6-9-3-6-0-2823869360_23.mp4,Two babies are standing on opposite sides of an open drawer and playing with the plastic containers that are stored inside the drawer.,two toddlers having fun playing and banging around in the tupperware drawer,Two toddlers playing with a kitchen drawer full of Tupperware.,Two babies are playing with Tupperware inside a drawer,Two babies are playing in a kitchen drawer happily banging around Tupperware.,,,,,,
flickr-2-8-2-7-7-6-8-9-3028277689_11.mp4,An older brother is trying to play pattie cake with his little baby sister who's seated in her safety seat.,Siblings interact playfully with each other.,child playing with a baby,A boy plays with a babies arms whilst the baby is resting.,One older child is holding the younger child by there hands and putting them together,,,,,,
flickr-3-2-7-8-3-1-4-7-16232783147_5.mp4,A mother makes silly noises/faces to amuse her child.,A mother playing with her baby,A woman is playing with a baby who is laughing.,There is a woman playing with a baby - she smiles then makes a repetitive sound and moves her head forward three times while the baby laughs at her.,A lady seems to be pulling faces at a baby in front of her who responds with smiles and laughter.,"A mother playing with her baby, making him laugh.",cute child laughing at mommy,,,,
flickr-3-3-2-8-3-2-3-7-2833283237_47.mp4,A young women seems to be enjoying that the boy is trying to brush the teeth of the dog.,A boy attempts to clean the dogs teeth whilst his mother leans forwards giving encouragement,a boy is trying to brush a dog's teeth while a woman films it,Playing around like idiots trying to brush the dogs teeth,A boy washes a dogs teeth while a woman looks on,,,,,,
flickr-3-5-1-9-5-7-1-6-5535195716_54.mp4,The two boys are playing with the toys in the bathtub. ,2 children in the bath,Two babies in a bathing tub playing with the dolls.,Two small children are sitting in a bubble bath facing each other and they are playing with plastic bath toys,Two young children in a bubble bath together playing with toys and the younger child is chewing on a toy.,,,,,,
flickr-4-0-4-9-3-3-4-4-15540493344_49.mp4,A man and a child play violins together in a living room.,The kid and the adult are playing violin ,"An adult and a child, each with a Violin are playing in tune.",Playing the violin,Father and son playing their violins together.,,,,,,
flickr-4-1-6-2-6-0-0-0-23041626000_1.mp4,A old lady is making silly faces to a baby.,"an old lady is cheerfully tickling her grandchild while laughing and having some fun, and also doing some tidying up at the same time.",An older woman tickles a baby.,A woman is enjoying interaction with a baby and enjoys occasionally tickling him.,An elderly woman who is tickling a baby's stomach playfully.,,,,,,
flickr-4-1-7-8-1-9-6-2-3941781962_7.mp4,A lady being measured for aerobic athleticism. ,one woman fitting a monitor on another woman before excercising,"Two women are doing a task in front of the mirror, the woman in red is adjusting some blocks and the woman in black is stepping over them.",A woman with a knee injury trying to achieve some leg lifting.,therparist set up little block for her patient to practise walking,A woman is learning to walk again after an injury.,,,,,
flickr-4-2-6-5-6-4-7-1-5442656471_12.mp4,A baby is playing with toy cars as the grown up watches.,"a dad is happily playing with his child, wanting to spend some quality time together.","A man, presumably a father, helps a child get down from a table.","The child is playing with a car with, what seems to be his father, then gets down from the table, supported by his father","A child is playing witha car on a table with, what appears, to be his father, and then the child gets down from the table supported by his father. ",An adult and toddler behind a child's table donned with crayons.,,,,,
flickr-4-7-1-4-7-6-4-0-2447147640_28.mp4,Two women deciding what to eat first.,"a restaurant staff explains what food has been cooked for tonight's dinner menu, while the chef proudly stands by.",Two women discuss some food dishes.,"A woman appears to be being supervised whilst cooking, seems to be unsure of what to do, and looks for guidance from the woman supervising.","Two females at a restaurant, one in chef's attire another in a black crop top.",,,,,,
flickr-4-7-7-6-8-6-8-3-10147768683_30.mp4,2 hikers walking up a path in mountain area.,"Two middle aged backpackers - possibly a couple clamber out of some foliage below the pine forest, up in the mountains.",two men are walking through bushes in the mountains,climbing up the mountain helping each other by the climb,It is a man and a woman who appear to be hiking in a forest,,,,,,
flickr-4-8-3-9-9-3-0-9-6748399309_20.mp4,The man is helping the child stand up on their skis and not fall. ,A child in skiing gear being propped up by an adult and released to move down the hill slightly,A young boy doing ice skating with a help of an adult.,An adult in ski gear and with ski poles has a small child in front of them that they are trying to give instruction to,An adult and child facing each other while skiing on snow and the child is balancing without poles. ,,,,,,
flickr-4-9-9-9-8-3-1-6-25549998316_29.mp4,a man and a young girl playing cards.,"a child and adult are placing cards on a table, they are smiling and talking to each other",A male adult and a youg girl playing a fun game of snap together.,"A father and his daughter playing cards together, both seem happy.",a guy and a girl playing cards,,,,,,
flickr-5-0-2-0-2-2-2-2-2450202222_18.mp4,Two babies laying on their back on a mat playing with toys.,Two babies lying under a mobile toy.,Two babies laying on the floor and looking up playing with toys.,Babies playing with toys.,Tho babies are playing while laying on a playmat.,,,,,,
flickr-5-2-4-7-4-1-5-5-6952474155_71.mp4,Two members of a band (a guitar player and a singer) performing a song.,two people on stage singing and playing guitar ,A singer and guitarist on stage. ,"Two people on a stage, one is singing and one is playing the guitar",A man is sitting and playing an acoustic guitar and a woman is standing and singing into a mic.,,,,,,
flickr-5-3-3-2-7-2-4-7-3053327247_9.mp4,"Two boys are practicing their drumming, one of the boys is more enthusiastic than the other.",students in a music class or a concert,"two people playing drums, one is older adult and one appears to be a teen","Two boys both playing the drums on stage, enjoying the beat.",Two drummers beat in rhythm together,Two black guys playing drums,Two young men playing drums together.,Two black teens are drumming,Two men banging on drums,Two men are playing the drums simultaneously ,2 men playing the drums together
flickr-5-4-8-7-2-0-2-6-2454872026_5.mp4,small girl and younger boy dancing,Two kids are dancing around in their lounge. ,A young girl and boy are dancing happily in their living room. ,"Two children, an older girl and younger boy are both dancing and enjoying doing so.",A girl and a boy bounce around a room to music (presumably),,,,,,
flickr-5-5-5-1-2-1-2-0-2755512120_95.mp4,Two small boys reach for each other as they sit next to each other apparently at a table while eating.,The boy is holding the other kid's arm,"Two children, about one year olds, playing with each other.",playfighting,Two young brothers fooling around at the kitchen table.,,,,,,
flickr-5-7-2-8-0-0-7-2-3957280072_16.mp4,Two guys playing guitar while one of them sings,A man singing and playing a guitar,Two men are playing guitars and one of them is singing.,Two men are sitting side by side playing guitars and one is singing into a microphone. They look like they are in a band together playing a song for an audience.,It is two people playing guitars and singing.,Two men are playing guitars and at least one is singing.,Two men playing the guitar and one of them singing.,,,,
flickr-6-2-2-9-2-0-1-2-5362292012_12.mp4,A toddler boy blows air into a red balloon while a baby looks on laughing. ,An older child blows a balloon to entertain a baby.,Big kid blows up balloon while small one laughs.,A small child is blowing up a red balloon while a baby looks on giggling at what he sees.,Two children blowing up a balloon on the floor.,,,,,,
flickr-7-3-3-1-0-7-1-8-2773310718_8.mp4,A person holding a fishing rod and reeling it in.,The man is fishing. ,A man fishing and unwiding his fishing rod while a boy stands and watches,A man using a fishing pole and spinning it.,A young man is fishing along the edge of a lake.,,,,,,
flickr-7-4-1-1-3-9-5-4-8274113954_15.mp4,a father holds hands with their child as they walk,A father holds his young kid's hand while helping him walk.,A man is walking a toddler across a room holding him by the hand.,An adult is holding a toddler's hand and they are walking towards the camera.,A man walking with an infant.,,,,,,
flickr-7-7-0-5-0-7-0-9-4177050709_33.mp4,"A woman is cooking and signals to the nearby male to do an action which I think is to pick up a dish, which he quickly does. ","Woman and man in a kitchen with food, the man puts his bottle of beer down.","A woman is in a kitchen and about to carve a chicken and the man watching her, puts a bottle down and goes to help her.",The couple is cooking,"A man and woman are in the kitchen, the man goes to help the lady with some preparation",,,,,,
flickr-7-7-6-9-8-7-4-3-6077698743_33.mp4,mother playing with child in water,A woman and a boy are sitting in the water playing. ,"A woman is sitting with her toddler at the swimming pool, while he plays with bucket. ","A mother and child are both sat on the floor of a waterpark or water feature, both are actively engaging with one another.",A woman and a young child wearing bathing costumes and swimming caps sit on the edge of an outdoor pool filled with fountains,,,,,,
flickr-7-8-3-9-5-6-9-1-3078395691_54.mp4,two babies sitting on a carpet.,two babies sat and laughing at a toy being waved off camera to their right,Two young babies giggling and finding the world funny at Christmas time.,"Two babies sat next to each other, both laughing","two babies sitting down, one looks like it's laughing",,,,,,
flickr-7-8-4-4-1-9-1-7-2878441917_1.mp4,"Two men are playing drums, one is standing a singing simultaneously, whereas the other is seated. ",Two people playing musical instruments together.,Men are playing in a band.,"Two men are playing different sets of drums, with one sitting down and one standing up swaying to the rhythm.",Two band players playing the drums.,,,,,,
flickr-7-8-5-0-9-0-9-0-4078509090_12.mp4,I mum feeds her toddler some food directly from her finger,a mum is trying to get her baby to eat something off her finger,"A wriggly, young child is being comforted by an adult.",woman feeding baby,Feeding a baby,this looks like a mother feeding her baby some food during their meal.,,,,,
flickr-7-9-6-9-9-2-6-7-5479699267_3.mp4,A young man is seen walking  with a baby in a stroller in the a neighborhood.,"A man with a heavy looking sports trike pram, witha one year old strapped in sitting up.",a man in a red shirt is pulling a buggy with a child inside it,Father taking is child for a walk in is pram.,A man backs up while holding a stroller with a child in it.,,,,,,
flickr-8-3-1-6897055831_10.mp4,a young boy is teaching another boy how to read.,A reading test with an adult pointing put the words to a boy.,the man is pointing to words on a book while the child reads it aloud,Child beening taught to read,A person points out words in a book while a young child looks on.,,,,,,
flickr-8-4-2-6-5-3-9-1-9784265391_7.mp4,a mother holds their baby as they cry,A mother wipes off her young son.,A woman holding a baby who then vomits so she catches the vomit with the blanket in her right hand.,A woman is holding a baby on her lap and the baby is sucking on her hand.,A woman playing with a infant.,,,,,,
flickr-8-7-2-6-6-0-0-8-3387266008_18.mp4,A little girl is taking her bath while her baby brother plays with the shelf.,two kids playing in the bathroom while one is in the tub ,"two children in the bathroom, one older in the bathtub and a younger child outside of the bathtub","Two children in the bathroom, the older one in the bath and the baby playing with something on the shelves.",An older sibling in the bathtub with a younger sibling outside the tub,Two kids in the bathroom,Two babies or toddlers are in a bathroom; one bathes while the other examines something in an adjacent shelf.,"Young girl in a bath in the background, and a baby with a dummy looking at items on a shelf",A toddler bathes while a baby plays with bathroom supplies,A child is in the bath and their baby sibling is rifling through the cabinets adjacent.,little girl in the bath while her even younger brother is looking through toiletries 
flickr-8-9-7-9-5-0-4-1-6189795041_19.mp4,"Two people are outdoors in a field, one is standing on a quadbike while the other appears to hit a trolley with a large hammer.",A man is standing above some beat up looking supermarket trolleys. He has some type of hammer or device and seems to be making smashing motions on the trolleys. Another man in a type of vehicle is standing on it and watching from behind. ,Man that is about to destroy/dismantle a shopping cart with a steel hammer,An individual fixing up shopping carts.,"one man hitting some metal with a hammer, man in the back looking on",,,,,,
flickr-9-3-0-5-5-4-4-2-3593055442_11.mp4,The boy is using the microphone as the woman watches behind him. ,A child speaking into a microphone,A boy holding a microphone and an adult beside him.,An adult female is sitting behind a young male who has a microphone in his hand up to his mouth,A young male child sining into a handheld microphone while an adult female standing behind is pointing at an open book before retracting their hand.,,,,,,
flickr-9-3-2-2-7-4-6-7-4593227467_2.mp4,two men walk along some rocks trying to keep their balance.,Two boys hike through a jungle path.,Two guys are walking down a step of dropping/uneven stone floors.,Two young men walking over rocks.,Two boys are walking next to a large rock. One of the boys repeatedly touches the rock as he walks next to it.,,,,,,
flickr-9-6-7-8-7-6-4-6-2496787646_9.mp4,"A baby banging cups together, being held by an adult who is facing the baby away from them","A baby, sitting on its mother's knee, banging a plastic cup and lid together, while the mother looks ahead.",A woman holding a baby who is playing with a cup,woman with an inquisitive baby,An adult is holding a baby who is waving around two plastic cups,,,,,,
flickr-9-7-4-6-7-4-5-2-2597467452_51.mp4,A mum holding a bottle of water and the baby drinking out of the water bottle.,mother feeding water to baby from water bottle,A woman is helping a baby take a drink from a water bottle.,A mother feeding her child some water.,Mom cautiously feeds her baby some water,A mother is giving her baby some water from a bottle.,,,,,
flickr_R-1-2-8-9-1-4-3-5-4212891435_36.mp4,"Two children in dressing gowns are sat on the floor, they appear to be playing with books.",Two young children are on the floor. One is a young boy at the front who appears to be engrossed in some type of toy or game on the ground. The other is a younger girl who is holding a book upside down and opening some pages. Neither communicate with each other.,Brother and Sister busy looking at books,Two children reading.,2 kids playing whilst one is looking at a book on the floor,,,,,,
giphy-10TNZYlPEDFR3a_3.mp4,Two children laugh with one waving their arms,a child is flapping his arms while another child is laughing,A young child appears to be laughing as he is playing with another young child.,too toddlers having fun,Children laughing and playing ,there are two toddlers laughing one one is moving their hands in a expressive manner.,,,,,
giphy-5gH28DhukBKlq_2.mp4,A woman throws a balling ball down the lane whilst a man stands nearby watching. ,A woman bowls while keeping one arm strangely straight.,Lady throws a bowling ball while man watches.,A woman is throwing a bowling ball while a man stands by watching her.,"Two people in a bowling alley, one of which is learning how to bowl.",,,,,,
gvztLkrmEIg_137.mp4,Two small children both pushing their own ice-skating trainer on ice.,two small children skating on the ice using aids,Children pushing plastic chairs across some ice or snow.,Two children using plastic chairs to help them ice skate and one falls over forwards,Two kids are ice skating and both are using a beginner handheld assist tool in front of them.,,,,,,
t2z1X76v4ys_178.mp4,A man buffs out some paintwork on a car,A man polishes the trunk of a car.,A guy is using an electric buffer to clean the trunk of a car.,Man machine polishes boot of car whilst another watches from distance,An older man is using a buffing tool on the trunk of a vehicle.,,,,,,
twUN1iwMWgY_1320.mp4,Boy stands behind a young woman and brushes her hair.,The kid is brushing the lady's hair.,"A woman sits on a chair, facing the camera while someone standing behind her is making her hair.",Brushing hair,Son brushes his mothers hair.,,,,,,
vine-A-kid-bowing-a-wheel-JohnnyRandom-MgJUX6q5pV5_1.mp4,An adult watching a child attempting to repair a bicycle.,A man and boy are examining a bike. ,A boy fixing a bicycle wheel while a man watches and encourages,A kid using a stick and hitting it against a bicycle wheel.,A young boy appears to be playing a bicycle spoke like a violin.,,,,,,
vine-Discussing-gopher-problems-with-Frank-from-the-parks-department-hLpauJl9VBw_1.mp4,Man planting a tree infront of a girl.,A man putting his hand in a hole with a girl standing nearby,A man is putting his hand in a hole in the ground as a little girl watches.,"A child is watching a man work with something in a hole in the ground, electrical wires or pipes perhaps.",A man in a high visibility vest looks like he has dug a hole and is putting something into it but it is difficult to tell due to the shadows.  A young girl is watching on.,A man in a high visibility vest has dug a hole and is putting something in it whilst a young girl watches.,A little girl watches as a man digs in the ground.,,,,
vine-MBwjdF6eU79_2.mp4,A person knitting beside someone else using a computer.,A man is knitting while another person is on the computer. ,one man knitting with headphones in sat next to another man on his computer,One person using a computer while the other has on his earbuds using a mobile device.,Young men are at a computer station involved with tech activities.,,,,,,
vine-MKEjBiBY6Fw_1.mp4,Two girl leg wrestling,two people laying on there backs locking legs together,"Two girls are rolling around the floor, playing.",Two young girls are lying on the floor on their backs facing the opposite direction.  They both lift their right leg and then entangle them and one begins to lift off the floor. It looks like a game.,"Two people are lying on the floor, playing about and moving their legs around with big movements.",Two woman playing a game on the floor.,,,,,
vine-MVvgr5hA3JD_1.mp4,A girl drinks water from a bottle ,A girl drinking juice and gagging,A girls is drinking and choking on water and another girl is standing in the background.,A women is leaning against a wall/window and another woman is standing in front of her taking a drink of juice out of a bottle. She drinks too quickly and belches.,A young woman is taking a drink from a water bottle.  She appears to choke on the water slightly and wipes some water from her chin.  There is another woman leaning against a window perhaps observing this.,"A young woman is taking a drink from a water bottle and looks like she has choked on it, spilling a little and wiping her chin whilst another woman leaning against a window looks on.",A girl drinking water and almost shocking.,,,,
vine-Nononononono-twerking-weird-clapping-no-Kevin-Marshall-hHqMIJdWz7E_3.mp4,A boy and girl clapping hands together,A young couple playing pattycake.,Two teenagers playing patter cake together while sat facing each other,a boy and a girl playing,Playing hand games.,,,,,,
vine-arm-wrestling-h6itJarOtiI_3.mp4,A guy is armwrestling a girl and she appears to be pinned and struggles to retaliate.,man beating a woman at arm wrestling,Two people having an arm wrestle,Two people having a strength contest.,a young man and woman are having an arm wrestle on a kitchen counter,A man and a woman arm-wrestling.,arm wrestling showing the winner,,,,
vine-hxLaMMzZhv0_1.mp4,Two girls are sitting beside each other and focusing on knitting their individual items. ,Women knitting on the floor in a bedroom,Two girls are sitting on a bedroom floor knitting.,They girls are knitting in silence.,Two girls are sitting on the floor both knitting,,,,,,
yt---kgxi3dRc8_202.mp4,The man is showing his friend the fish he caught. ,2 men admiring a fish they are holding,Two men but one catching a fish.,Two adult males in waterproof fishing gear are inspecting a fish that one of the men is holding,"The person on the left in red is holding, talking about and showing a fish to the person on the right in blue.",,,,,,
yt--7QDJQU657I_4.mp4,A girl is sitting on a man's lap whilst she airdrums and the dad is helping her airdrum. ,"Daughter sitting on father's lap, the daughter is laughing as a result of her father making her do a funny action",A little girl is pretending to play the drums while sitting on her father's lap.,The dad is playing with his daughter ,A man is pretending to play the drums with his child on his lap,,,,,,
yt--Sv97d457Uw_137.mp4,"One man explains something to another, gesturing with his hands",a man is talking to another man about a bush,Two men are discussing a plant in a garden area.,2 people talking to each other,Talking ,there are two people talking over a fence with looks like a discussion about the overgrown plant and whose responsibility it is.,,,,,
yt--d_UnNREYO4_61.mp4,two babys sit in buckets as they laugh at each other,Two babies sitting in big blue buckets are laughing and smiling.,"There are twins each sitting in a plastic container, pointing at their own faces and laughing to each other.","Two babies in separate blue pails are looking at each other, laughing and touching their faces as they bath in the water.",Two indants laughing in buckets.,,,,,,
yt-0Bzn7lSvTmA_9.mp4,The two babies are smiling and taking turns laughing. ,2 babies laughing while sitting in blue chairs,Two babies playing together.,"Two babies are sitting up, and one of the babies is laughing and interacting with the other one",Two young babies sitting in matching small chairs looking at each while the baby on the left makes a sound and then the baby on the right laughs.,,,,,,
yt-0IxYqinsuz8_7.mp4,A young child puts a toothbrush in their mouth as their mother watches on.,The toddler is holding a toothbrush as the adult motions how to use it.,A woman looking at a baby trying to brush his teeth.,Baby chewing spoon while mother watches.,A mother is smiling at her baby demonstrating how to brush their teeth.,,,,,,
yt-0QzC8ORgZlM_35.mp4,"Two babies crying and kicking, looking away from each other and the camera",Two babies lying in a cot crying,Two babies crying and moving around ,2 babies crying,Two crying babies are lying on a flat surface next to each other,,,,,,
yt-11lRVNynHq0_23.mp4,A tall man is seen shoveling  the ground while another man is seen crouching and observing him.,"A worker with a spade digs a grass sod, with a middle class trendy sports hippy crouching down observing for the camera.",one man is shoveling while the other is crouching and watching,Come on getting digging so we can fine something quickly,One man is digging a hole in a field while another kneels and watched,,,,,,
yt-1bNx06Nq40k_73.mp4,Two children are seen playing instruments and singing in their band.,Kid playing the guitar and singing and another child playing the drums,A kid playing guitar and singing with another kid is playing drums behind him.,There is one boy playing the guitar and singing into a microphone and another boy seated a metre or so away from him who is playing a drum kit.,"There is a young playing the guitar and singing into a microphone while another boy sits a metre away from him, playing a drum kit. ","Two children are playing instruments, one plays drums while the other sings and plays guitar.",Kids are singing and playing musical intruments.,jamming out with friends,,,
yt-1iBn-CjHBgc_22.mp4,"A woman attempting to console a small, crying baby. ",a crying baby being comforted by their mum,A woman comforting a crying baby.,A baby being held by its mother is crying and then the mother comforts it.,A woman is holding a crying baby over her shoulder.,,,,,,
yt-1iRW2U2jNPA_888.mp4,two men are outside and standing near a tree,Two men try to plant a tree that is almost as big as them,Two men are discussing something while planting a tree.,Two people standing in a forest. One of them fondles a plant that is just branches.  ,2 people are looking at a small tree,,,,,,
yt-1icEOZdgkVY_35.mp4,"Two babies, crying.",two babies laying and crying.,"Two babies in bed, one is crying and the other is calm.",Two babies lie side by side in a bed - one baby screams four times while the other baby appears to place something in their mouth. ,Two babies lying next to each other.,"Two babies, one is crying at the top of his lungs.",children are adoreable and also cry alot,,,,
yt-2Joztxgo5Sw_180.mp4,"A woman fries, while another women looks on with a plate of vegetables ready to be cooked.",Friends cooking dinner together and chatting ,"Two women talking, one is cooking, while the other is holding a plate of food.",Two women stand side by side in conversation with each other in a kitchen - one woman holds a plate of food while the other stirs some ingredients in a frying pan.,"Two women talking and cooking together, one cooks in a pan while the other holds a plate of ingredients.","Two women in the kitchen, cooking.",friends cooking and having a chat,,,,
yt-2Ks8gsK22PA_14.mp4,Two men beat on drums with their hands whilst moving rhythmically ,two men are playing on bongos,There are two men who are playing drums in a band and seem to be playing to an audience by their manner.,2 men playing drums without sticks,Playing bongo drums ,there are two people each with a drum each banging their hands on them.,,,,,
yt-2ULEIoRKW_Q_35.mp4,Two babies laying in a crib and crying.,Two babies are crying. ,Two babies laid next to each other both crying,Two babies laying down and crying at the same time.,Two babies are not having a good time as they cry in bed.,,,,,,
yt-2dK-i-Ie1Yg_68.mp4,The tailor is measuring the chest circumference of the customer.,tailor measures man's chest,A man measuring another mans chest,A tailor measuring a man for a suit or shirt.,"A man is in a clothing shop, getting measured by a shop assistant who is using measuring tape to measure his chest",A man measuring another man's chest with a tape measure.,hapless tailoring assistant measuring man's chest,,,,
yt-2r4fsa-FerM_512.mp4,Two people are fishing next to each other. ,"2 men fishing, both holding fishing rods",Two men doing fishing in an ocean.,Two people are on a boat out at sea with fishing rods.  One of the people has a fish on his line and is trying to catch it,"Two people on a boat deep sea fishing, the person in red has likely caught something and is reeling it in.",,,,,,
yt-3cMBMW1l4L8_137.mp4,"One woman is eating pizza whilst seemingly searching for something, while the other woman is eating pizza and handing a napkin to the first woman. ",Two women holding heavily laden sandwiches,Two women are sitting at a table eating and one hands the other a napkin.,The people are eating,two women are eating and one of them passes a napkin to the other,,,,,,
yt-3feY7fLgX4M_737.mp4,two men talking in a car.,"two people in a car, the person on the left is talking, the person on the right is chewing and moves their head slightly to the left.",A driver and passenger travelling in a car together.,Two young men chatting as they drive,"two people in a car, one driving one a passenger",,,,,,
yt-4ECKZXJX9FY_7.mp4,two martial artists setting up to attempt to break a piece of wood with a kick.,"the person on the left is holding a board, the person on the right stands side on and steps toward the board, lifting their leg up and tapping the board with their right foot",A Thai Kwon Do student practicing his aim at hitting a board with his foot which the instructor is holding.,"Two men doing judo, one is preparing to kick a piece of material held by the other man.","judo training, trying to break something with a kick",,,,,,
yt-4GeYyT0lwQ0_20.mp4,two babies interacting and laughing,Two babies playing with each other over a step stool.,Two toddlers playing together over a step ladder,two babies smiling together,Babies playing with one another. ,,,,,,
yt-4JNdEFzM86k_274.mp4,"Two people are stood outsde chatting, they both appear to hear an unexpected noise below them",A man in a white shirt and a man in a green shirt are both communicating to each other. They make motions with their hands near their ears. Then both turn shocked to look at something on the floor near the man in the green's feet.,"Asking his friend if he heard that noise, in which they then both look down in the direction the noise came",A few people talking.,2 men speaking together,,,,,,
yt-4vsQkKl13Qc_682.mp4,two adults looking at papers and talking,Two young men have a discussion while waving some paper around.,two men discussing work at a desk,they are talking about a book,Discussing the contents in a paper.,,,,,,
yt-5K_c4LG7CEE_35.mp4,A woman tapping a small baby on the back.,a tiny baby being tapped on the back and cuddled by their mum,Woman comforting a baby by tapping their back. ,A mother comforting a crying baby,A woman is patting a swaddled newborn and holding him close to her chest.,,,,,,
yt-6RiK4Sg2tSY_75.mp4,The person is interacting with the baby to make him smile. ,A baby laughing,An adult holding baby's leg making him laugh.,A baby is lying on the floor and laughing and interacting with an adult who is holding their legs,A person on the right is holding the legs of a baby and the baby is giggling.,,,,,,
yt-7-zxdVaYzDA_301.mp4,Two people speaking in comfortable chairs,"A middle aged man in a suit is sitting opposite an older man and he appears to be explaining something and gesticulating, while the older gent looks on attentively.",One man speaking with/interviewing and older man,one person talking the other listening,Two men seated in armchairs and facing each other are conversing,,,,,,
yt-74Pt4L0NrGo_187.mp4,Two young boys pasting something onto a stick,kids spreading something on top of their food,Two kids spreading cream cheese on crackers.,"Two boys sit side by side in conversation, both boys are placing some sort of dip onto a snack; one boy smiles at the camera.",Two children who look happy sat together with some kind of food and a plate each.,Two kids eating and looking all happy.,having fun eating together,,,,
yt-7Gw5igJ3Uc0_45.mp4,a baby sits on a bed laughing as a woman interacts with them,A mother kisses her young son.,There is a young child sitting on a bed and a woman appears in front of the child suddenly which makes the child laugh.,A person with long hair leans over and kisses a baby and the baby smiles and looks excited.,Q woman playing with an infant.,,,,,,
yt-7eF1aYP8gCQ_9.mp4,2 toddlers having a bath,Two kids are in the bath smiling. ,Two young children are laughing and playing together in the bath.,"Two children are in a bath together, sat down, as the older child blows through a harmonica the younger child laughs.",Two young children share a bath,,,,,,
yt-7we4oftPEXo_245.mp4,"A woman is laying a small, crying baby on a floating mat in a swimming pool. ",a crying baby girl being placed on a float in the swimming pool by her swim instructor,Toddler being placed on a large floating mat in a swimming pool.,A baby is put on a floating mat in a pool and is crying,A woman and baby are in a pool and she puts the crying baby on a float.,,,,,,
yt-84Tw9n59zw0_24.mp4,two women looks over some food and discuss the products in front of them,Two attractive blonde women talk in a kitchen.,A woman talks about food while another woman listens to her.,Shopping channel presentation with female guest explaining product to female presenter.,"Two women are standing and talking in a kitchen with bowls of ingredients, a crockpot, and a large sandwich in front of them on the counter.",,,,,,
yt-8U-qwDgKU2E_2.mp4,there is one man sitting in a chair and another man comes over and sprays him with water and slaps him in the face,A child sprays someone with water before slapping them.,A man spays another man in the face and then slaps him.,Person sprayed other person in the face with a hose and then slapped them.,a man is pranking his friend by spraying a hose then slapping him,,,,,,
yt-8jK--lY7pww_12.mp4,a man on a hockey rink.,"two people on ice, the person on the right is skating in the direction of the camera, moving their arms to help them move. the other is stood still",An ice hockey instructor skating forwards on the ice showing a student how to do it.,"Two ice skaters, one moves forward from the other with the other watching","one man skating on ice, one watching him",,,,,,
yt-9AkGB_rRbIQ_95.mp4,Woman cleaning a baby in a sink.,"a nurse is checking over and cleaning a newborn child in a sink, while ensuring it is healthy.",A woman washes a baby's hair over a sink.,Awoman is washing a baby;s hair and the baby is upset and crying.,A female bathing a newborn baby's head with water from a bowl in the sink.,,,,,,
yt-9LkmwSItZlk_5.mp4,"Twins lying on a bed, both crying. ",two babies crying next to each other,Two babies crying while laying on a cot.,Two babies are crying,Two babies are laying very close together and crying.,,,,,,
yt-9OU9ycaIiGM_35.mp4,a baby crys while sitting on a mans knee,A dad comforts his upset baby.,A small child is sitting crying whilst the man tries to calm her down by stroking her front and kissing her head.,A man is holding and comforting a crying baby.,A man comforting a infant.,,,,,,
yt-9R3WOWjYHMs_3.mp4,A woman distracts a man who has a games console in his hands.,A woman jokingly touches a man's game controller which annoys him.,Girl messes with boy while he plays a game.,A man and woman are lying on a bed while the man plays with a console controller and the woman tries to take it off him.,Two teenagers laying on the bed playing video games.,,,,,,
yt-A77SpYVvfKE_5.mp4,A kick boxer trains with his trainer,Two guys are sparring in kick boxing.,Two people kickboxing in a ring.,One man is holding up pads and another man is kicking them.,A man sparring with his partner.,,,,,,
yt-ACR1T1nMR0E_57.mp4,One lady explaining something to another lady whilst expressing her feelings with her hand.,2 women talking or discussing work or having a meeting,"To women are sitting next to each other at a desk covered in paperwork, one women is explaining something to the other woman.",Giving an opinion on a subject they are both studying,Lady talkes with her colleague and gestures,One woman is explaining something to another woman in an office.,,,,,
yt-AXeXiTb9ntA_162.mp4,"two men standing on the bank of a waterway, one of which is stamping his foot.","one person stood holding a large stick, the person in a white top is looking down and stamping their feet",Two boat workers on the jetty discussing the boat.,"Two men stood by a river and a boat, one man is moving up and down as the older man watches",two people stood on a dock looking like they want to get into a boat,,,,,,
yt-AhM9i0zrIEo_19.mp4,a mother washing her baby in the bath.,"an adult is giving a baby a bath, the baby is reacting to water being put on their head.",mother and baby bathing together.,A mother tending and washing her baby in the bath,a mum in the bath bathing her baby who is in a smaller bath,,,,,,
yt-BJa2Fs1UyZ0_71.mp4,Two young boys are brushing what looks like a plastic pool.,Boys attempting to clean water from the ground,"Two boys are in a swimming pool, one sitting and one standing, and they are each holding a long-handled cleaning pole.",The boys are playing in the water,Two young boys are cleaning a paddling pool by using brushes in soapy water,,,,,,
yt-BVDyfz_RdZo_168.mp4,there is a woman performing tap dance while another woman sits behind her and plays an instrument,A woman in pink dances while a friend watches.,A lady plays the piano while another lady dances.,Woman tap dances while another woman plays piano.,a lady is dancing and celebrating in a dance class,,,,,,
yt-CQzqhM81T_M_5.mp4,"Two babies crying, they are very young and might be twins","Two babies, wrapped up cosily, are lying on their backs next to each other crying loudly.",Two very young babies crying side by side,crying babies,Two very small babies are wrapped up side by side and crying hard,,,,,,
yt-CycYi5Z5guk_25.mp4,"A man take a puff of a cigarette and is seemingly about to blow the smoke the other mans face, who is shivering from the cold. ","Two men stood outside with a coffee in hand, one man is smoking and the other wears a cap",Two men are standing in the street holding cups and one of them takes a puff of a cigarette and blows it towards the other one.,The people are smoking ,"two men outside a door, both are drinking but one is smoking",,,,,,
yt-D0FQ_5wWv_s_5.mp4,"A child seems to be laughing and remembering something, while embraced by their mother.",woman cradles laughing toddler,A woman and baby laughing,A mother delightfully playing with her blind baby.,a woman is holding a smiling toddler,A woman and a child laughing together.,Mother interacting with child,,,,
yt-DlUgLVITRn0_3.mp4,"The woman on her phone seems unimpressed (""like really? ...) with the other woman in pink. ",two young women casually hanging out,A Woman texting whilst standing with another woman,Friends chatting in a room.,"two women are standing in a room, both wearing dresses, one woman eats something and the other notices and looks annoyed",Two women in a room.,girl looking peeved and  not happy about what other girl is doing,,,,
yt-DnrzWno9RY0_28.mp4,two babies lay in a bed and one of them is crying while the other watches on,One baby cries while another watches.,"A crying baby is lying beside a wide-eyed, calm baby.",Baby girl comforts crying Baby boy in bed,"Two babies are lying next to each other, holding hands. One of the babies is crying and one of the babies is smiling.",,,,,,
yt-EB_2BGaRiNU_9.mp4,A young is getting ready to brush his teeth and his father is watching. ,"Child seems a bit reluctant to put food to his mouth with an adult watching, however, the child eventually does",A man is watching his little boy clean his teeth.,The boy is brushing his teeth,A dad is showing his son how to brush his teeth,,,,,,
yt-F0Ede8UiICQ_38.mp4,"Two girls are laughing together on a striped couch, and one girl playfully throws a stuffed animal at the other.",two young girls playing with peppa pig,Two children laughing on a bed,The two little girls are playing with their toys,two small children are on a bed playing and one of them throws a plushie at the other playfully,A girl throwing Peppa Pig to another girl.,siblings playing happily together,,,,
yt-FSXBt3Sak1E_25.mp4,An adult holding a baby,A woman holding a happy baby.,Mum fanning baby,a woman smiling with her baby,Playing with a baby.,,,,,,
yt-G7OeEYC-zy4_57.mp4,"Boy typing on the computer keypad and girl, potentially sister, combing his hair with a brush.",one girl combing a boys hair probably brother and sister,One child is working on a computer whilst a girl next to him brushes their hair.,A girl enjoying brushing her friends hair.,girl combs hair of her little brother,A girl is brushing a boy's hair while he plays on the computer.,,,,,
yt-HNPvM6RfXsY_12.mp4,two babies are sitting together and brushing their teeth,Two children brush their teeth in play toys,Two babies are brushing their teeth.,Two babies brushing their teeth.,2 toddlers brushing their teeth,,,,,,
yt-HT3D9Cpx8Lw_28.mp4,The child is being taught how to swim.,A crying child holding onto the side of a pool with a man in the pool nearby him,A young girl swimming and crying at the edge of a pool while a man swims behind her.,a child in a pool learning to swim with an older boy ,a child crying because they dont like the water in the pool,,,,,,
yt-HYtGXOKUyCk_5.mp4,Two girls are playing a hand game together.,two girls playing a clapping game,Two girls playing a clap hand game,"Two girls playing Pat a cake, Pat a cake",two children are doing a kids handshake in a living room,Two girls playing patticake.,"two friends playing a hand game which involves a ""pat-a- cake"" theme",,,,
yt-H_bBYuPxXkU_71.mp4,Two teenage boys are practicing particular dance moves like stick people.,Two people street dance next to each other.,two men dancing,Two men are dancing near a water fountain.,Two guys are making the robot dance move out in public,,,,,,
yt-Hdv-QIhFago_254.mp4,A child hitting cymbols,"A young boy is playing on a drum set, while an adult looks on, smiling.",A toddler having a go on some drums while an adult watches on,a little boys playing with musical instrument,Toddler playing drums. ,,,,,,
yt-HsV1AkMICLQ_51.mp4,A male playing the drums with some headphones on,A man plays the drums.,A guy is playing the drums and jamming to music on headphones.,Playing drum set in a studio,A young man wearing headphones plays the drums.,,,,,,
yt-Jpw2EHf2-3s_508.mp4,"Two men in military attire stand watching, while carrying archery equipment and backpacks.","two army men standing in a field, chatting to each other.",Two men in the army talking to each other in wilderness. ,"Two men stand side by side, in conversation, in a forest while carrying two weapons, one of the men removes his hat.  ","Two adults in military style clothing are standing in what looks like a wooded area, one of them removes his cap.",Soldiers talking.,brothers in arms outdoors ,,,,
yt-K1EmbP7RMrQ_103.mp4,Two young boys are trying to copy the dance moves they see on the television.,Two children dance next to each other without any real interaction with one another.,two children dancing,Two children are dancing in the kitchen.,Two kids are in the kitchen dancing and playing around,,,,,,
yt-K2Ysv5Y6tYo_297.mp4,A person sitting on a bench outdoors watching someone doing gardening.,The woman is gardening while the man sits.,A man sat next to a woman knelt gardening,Two people gardening in the backyard.,A woman is placing soil in a planters box as an older gentleman watches.,,,,,,
yt-K8ATZKxAgck_32.mp4,"Two babies, both wearing orange clothing. One is crying","Two babies, one crying and the other laid back, sitting on a sofa.",Two toddlers on a sofa together,1 baby crying the other baby looks bemused,A curious and calm toddler sits on a green sofa while another toddler leans on him and cries  ,,,,,,
yt-KYxzJcHV8bI_485.mp4,Two girls playing and one is on the swing.,Child standing on a swing with a girl watching ,One girl standing on a swing as another girl looks on.,one friend standing on a swing while another friend watches ,One kid playing on a swing and a girl watching them play,,,,,,
yt-KZqqB7yoVYw_11.mp4,Two girls performing ballet moves in a dance hall. Jumping from one side to the other.,two ballerinas practicing,"The two dancers jump to one side, they time their movements to be identical.",Young children learning the basics of ballet,two young girls practise ballet,Two girls are practising their ballet moves.,,,,,
yt-LBVBFl3eNg8_88.mp4,A man in glasses angrily slaps another man in a car,a man with sunglasses slaps another man in a car,Two men appear to be in a vehicle and are arguing or speaking in a heated manner.,man slaps woman on cheek,Hitting and arguing ,two people in a vehicle and one slaps the other on the face with the other person is disbelief.,,,,,
yt-LrJEzt-ytsM_18.mp4,"A man appears to be observing a little girl dismount the lawnmower, and he holds her hand to ensure she is safe and doesn't fall.",little girl climbs off ride on lawn mower with driver's help,Man helping a child off a motorised vehicle,A little girl getting off Daddys ride on mower.,A man is helping a child get off a small vehicle ,A young girl being helped down by an older boy.,"small child alighting  from  a ""dodgem"" who probably didn't like being squashed in",,,,
yt-M1SHOxaP24s_29.mp4,The dad closed the top of the hot grill open while holding his infant child to his stomach in front of him.,A man holds a baby in one arm whilst closing the lid of a barbecue with the other arm.,barbecuing with a baby on her lap,A man watches food cook on the barbecue with a baby in his arms and then closes the lid.,A guy is holding his baby well closing the BBQ lid filled with meat and then licking his hand after.,,,,,,
yt-M1ZSKh7JbQQ_36.mp4,a baby plays with a woman's hair,A baby plays with his mother's hair.,A small child is trying to brush the hair of a woman who is sitting beside her.,"After a baby uses a brush to brush a woman's hair, the woman looks over at the baby and smiles.",A infant playing with a woman's hair.,,,,,,
yt-M7LSf18G1-k_30.mp4,"Two people are standing in a sports hall practising kickboxing, one is holding pads while the other demonstrates a high kick.","Two men in a gym together. They appear to be doing trial or practice martial arts on each other. One on the right makes a sparring motion and then kicks towards the one on the left, and the other watches as though learning. ",Kickboxing practice with his sensai,A kickboxer training.,one man kicking the other who is stood in protective gear,,,,,,
yt-MJMvM4DjVVY_67.mp4,two women sit cross legged face to face and play a game clapping their hands together,Two females slap hands together in a game,"
Two girls are playing a hand game together.",Two people play a hand clapping game.,2 girls are playing pat a cake,,,,,,
yt-MMycfMcM9oM_297.mp4,"Two hunters are gleefully examining their kill, they appear to have shot a fox.","Two hunters with cross bows are standing over the body of a dead fox they appear to have murdered. One is kneeling over the dead body and holding it up a bit, they're both talking, and grinning and smiling at each other.",Hunters looking at their successful kill of a fox,Hunters looking at their kill (a fox).,one man is moving a dead animal whilst talking to the man stood next to him,,,,,,
yt-MqMKjrKRXmI_35.mp4,A baby crying next to the camera and a young girl sitting in the background,A baby cries while its sister sits by.,A baby is crying while a toddler sits by and ignores it.,Baby on sofa crying whilst female toddler in disinterested and plays video games,"A baby wearing a bib and lying on a couch cries at the camera while an older child sits on the same couch, looking at something off-camera.",,,,,,
yt-NNVHWypc0No_309.mp4,Two kids wood working ,two boys holding sticks and building something in the dirt,Two boys are building something with wood.,Two boys are working together building a structure made of wooden stirps. One boy has gloves on and is holding a piece of wood in place while the other boy works at the other end of the strip of wood.,A young man and a boy are working with a wood frame of some kind.,A young man and a boy are working with a wood frame.,Two boys building something using wood.,,,,
yt-NQKRncc6YX8_35.mp4,Man playing with a cat and a baby,A black cat laying on a bed looking at a man ,"A cat is walking on a bed, and there is a baby and a man in the background.",A man is playing with a kitten who is on a bed by pushing his hand under the bed covers to make it more. A baby is lying on the bed next to the man watching and laughing.,A young man and a baby lying on a bed are watching a cat playing on the bed.,A young man and a baby lying on a bed are watching a cat playing on the bed.,A father with his baby boy and cat playing on the bed. ,,,,
yt-NyoDNKkeCkE_20.mp4,A policeman is standing by the car window and talking with the driver who is holding a can of drink.,A police officer talks politely to a man.,traffic cop talking to man,A policeman is talking to the male driver of a vehicle.,An officer is talking to a guy in his vehicle ,,,,,,
yt-O2JT20EG6yI_111.mp4,"a man chisels some wood while a woman talks to him about his technique
",A man drives a stake into the ground with a mallet.,A guy is chiseling in something while a woman approaches and looks on.,Man showing woman how he hammers a long spike,A middle aged man uses a hammer to drive a stake into the ground while a woman observes.,,,,,,
yt-OGAx__6iSTs_17.mp4,A toddler boy is testing out a drumming test at a music store.,a small child playing drums while the mother watches him,a younger child playing drums when an older adult smiles and watches,A child testing out some drums in a music shop with a happy parent watching.,A young child tries out a drum set while a parent sits behind looking on,Mother observing kid playing percussion,"A young boy wearing headphones playing on a drum set, while a woman sits behind him, supervising.","Child wearing headphones plays the drums, while an adult looks on",A young child playing drums while wearing headphones,A young boy is playing the drums whilst his guardian watches and smiles,mother watching son playing the drums with a headset on
yt-OurLBAGyI9c_16.mp4,Two men are fishing under a ice lake.,"two males are preparing to do some ice fishing, in cold artic temperatures, while setting up their tools.",Two men ice fishing.,"A man is fishing in a snowhole, and another man carefully approaches and squats down.",Two adult males with fishing equipment in arctic conditions.,,,,,,
yt-P3MNLNyt_98_51.mp4,A man and child are wearing green camo attire in a snowy area and the child picks an item up from the snow on the ground. ,One man steps back whilst the other picks up something from the snow,An adult and a child are standing in snow and the child bends down to pick something up.,The people are walking in the snow.,Two people are wrapped up out in the snow and the smaller one picks something up,,,,,,
yt-PWO7CMF5otY_336.mp4,"The woman appears to be swearing at the man, and he is shocked.",Woman driver yells at passenger,"A women shouting at a man ""shut the f**k up""",A girl on her driving lesson shouting at her driving instructor.,"The woman driving the car is mad at the man sitting next to her, and she shouts at him to shut up, while the man is shocked",A woman angrily speaking to a man in a car.,Female driver angrily disagreeing with male passenger,,,,
yt-PZF2qQpnGcI_97.mp4,The man is using a fishing pole and his friend is holding the net. ,"2 men fishing, one of them is holding a fishing rod while the other holds a big net",Two men doing fishing.,"Two adult males are on a boat out at sea. One has a landing net, the other has a fishing rod and is trying to bring a fish in","Two people on a boat, one is fishing with a pole while the other has a large net ready and waiting to catch.",,,,,,
yt-PkN1YKOuOYE_6.mp4,A man holds a baby boy near his face and they are playing.,The man is holding his baby.,"A man holds a baby up his chest, plays ans speaks to the baby.",Blowing raspberries,Father interacting with his young son.,,,,,,
yt-Qk-3RGy0rwk_18.mp4,a young child wanting to be helpful and brushing an old mans hair harshly for him while the old man lets the child.,A child brushes an older man's hair.,A toddler brushes the hair of an older person from behind them.,Young boy roughly brushes old mans grey hair from behind,A young child uses a comb to brush the hair of an elderly man.,,,,,,
yt-S0dAccaitok_119.mp4,The man appears to be instructing the woman in playing the (violin?).,male violinist demonstrates to female violinist,A man teaching a woman violin,The two musicians are playing the violin and arguing about how is the best way.,"a man and a woman are playing violin, the man is instructing the woman how to play ",A man demonstrating a violin to a woman.,violin instructor telling pupil about how to play a chord with feeling,,,,
yt-SHe7vXXrv44_21.mp4,A man begins brushing a babies teeth whilst the baby is already brushing their own teeth. ,"Adult, presumably father, spoon feeding a child",A baby is trying to use a toothbrush while a man is cleaning the baby's teeth.,The dad is brushing the baby's teeth,A dad is helping his son brush his teeth,,,,,,
yt-TUdnj4CVFmQ_416.mp4,Two people talking about a car repair,"Two men, both wearing black working gloves, are sat next to a car and the younger one, who's holding a paint polishing machine, is explaining something to the older one.",A young man talking to an older man by a car,2 paramedic talking,Two seated men converse at the side of a car,,,,,,
yt-U87RJqCZT8w_16.mp4,Two young men throw medicine balls and a close wall and then catch the bounced balls.,The people are exercising with medicine balls.,Two people are seen in the video practicing throw and catch,Throwing medicine balls off the wall,Two men throwing balls against the wall.,,,,,,
yt-UPu938CNhYc_35.mp4,Two martial art type people are practicing kicking a blue pad.,Two men practicing a martial art as kicks the cushion the other is holding.,Two men performing a karate routine.,Man kicking target held by another man.,"A person is practicing a martial art kick, while another person holds a mat for them to kick into.",,,,,,
yt-UZjgD-xTz9Q_310.mp4,"2 young men, one driving one in passenger seat",Two guys in a car talking. ,"The driver is telling the passenger something. He seems to be fed up and frustrated. He made a hand movement to express this. The passenger glanced at him, in an irritated manner.","Two males are discussing something together in a car, both seem to be involved and engaged in discussion.",Two men wearing black t shirts talk in a car whilst driving,,,,,,
yt-UdFXugWdS94_32.mp4,Young boy and girl are watching something and seem to be learning a dance move.,The people in the video are learning to dance.,"Two children are visible in this video dancing with their faces turned in the same direction, as if they are watching and dancing along a TV scene.",Dancing,Children dancing.,,,,,,
yt-V9hKfvFLDQo_816.mp4,Two girls eating.,Two people eating food and chatting about the food together ,Two women breaking apart shellfish as they prepare to eat.,two friends eating seafood together ,two girls eating seafood ,,,,,,
yt-VmGqoK-hmHc_47.mp4,A young child imitates mowing the lawn,A kid joining in with his grandma moving the grass.,"A woman and a boy mowing the lawn together, the boy has a toy mower and the woman a real one.",A woman is mowing a lawn with a lawnmower while a baby appears beside her and pretends to mow the lawn with a toy lawnmower.,A lady is mowing her lawn while a small child pushes a toy lawnmower near her.,"A mother a lawn mowing. The baby is as well, but not really because his lawn mower is a toy. The mother definitely bought the toy for him because every time she tried to do her garden in peace, this little human would try to help her thinking he could do a better job, but really just wasting her time. Very adorable.",helping nanny with the grass,,,,
yt-WsSVHEX7LdQ_144.mp4,two men are in the snow one is sitting down and fishing and the other one is standing and watching him,A man sat on a snow block is preparing to fish while his freind watches,One man is ice fishing while another man is standing by watching.,Two people in snowy mountains. One man is holding some kind of stick over something black in the snow (not sure what it is).,people ice fishing together,,,,,,
yt-XTX0BNJrLcc_97.mp4,A young baby tries to touch their mums face and gets more than they bargained for.,A mother playing with a baby.,"A woman is playing with her baby, she's playfully biting the baby's finger.",A woman is playing with a baby - the woman pretends to eat the child's fingers while the child,There is a woman playing with a baby - the woman pretends to eat the baby's fingers while the baby reaches out to the woman's mouth and smiles as they play.,A lady playfully sucks on a baby's fingers which makes the baby smile.,A mother playing with her baby.,mommy bit my finger,,,
yt-YHZCo34wpMQ_3.mp4,A man and child brushing their teeth,"An adult brushing his teeth while holding a baby who also has a toothbrush, although he doesn't seem to get what to do with it.",Father encouraging his baby to clean its teeth by example,a man brushing with his son,Brushing teeth with son.,,,,,,
yt-Z02VjQcNxv0_5.mp4,A father is doing some gardening with his toddler daughter and hands her a green watering can.,father helping the daughter water the plants ,"an older person and a younger child working together outside, looks like gardening as the younger one has a watering can",An adult is teaching a young child to water the plants.,A grandparent helps a toddler water a bush with a small green watering can.,Women and child gardening,"An adult handing a small watering can to a child, gently guiding her movements to show her how to water a grassy plant.",A parent shows her baby daughter how to use a watering can,"A father and daughter watering a dead looking plant
",An adult is giving a small child a watering can to help water the garden,an old lady is showing a little girl how to water plants
yt-ZXSB3uT5Rk8_91.mp4,Two sisters are dancing together in their living room.,two older female children dancing,Two girls dancing,Sisters having fun dancing in front of the camera.,two children are dancing in a living room,Two girls dancing at home.,two children probably watching and following dance routine on Wii,,,,
yt-_I70R4j_tjA_309.mp4,A couple who is holding hands taking a stroll.,"a married couple are on a hike around the mountains on a hot summers day, they are holding hands are going at a brisk pace.",A man and a woman hold hands and walk over a mountain.,"A man and woman seem to be enjoying a walk through the mountains, whilst holding hands.",A couple holding hands walking across with a backdrop of a mountain range.,,,,,,
yt-a9HzBJRWEJw_101.mp4,Man stirring paint in a pink bucket with girl watching.,A father and son mixing paint,"A man and woman are working together on a task and facing each other, the man stirs a bucket whilst the woman watches.",mixing paint to loosen it up.,Men kneeing and stirring some chemical compounds of a bucket,Two boys are mixing something in a bucket.,,,,,
yt-aunEHRTiMrQ_22.mp4,A little boy is amused at playing with a toothbrush in his baby brother's mouth.,big brother playing with the toothbrush in the little brothers mouth,"two children playing together, one is older than the other. he has a small toy hanging it around the younger ones face",A big brother helping to brush his little brother's teeth in bed.,An older child is sitting on a bed putting something into the mouth of a younger child lying beside him,Two children in the bed,"Two boys sitting on a bed; the older of the two, sitting, brushes the younger one's teeth as he lies back.",A child is sitting twirling a strap on the clothes of his sibling,An older sibling brushing his toddler younger siblings teeth,A young boy looks to be brushing his baby brothers teeth,big brother is brushing his little brothers teeth while he lies down on bed
yt-b6BhSLVUPuc_188.mp4,Two people in a kitchen preparing food.,The man is mixing food in a bowl while the woman talks. ,A man mixing a bowl while a woman stands next to him in the kitchen talking,A man preparing ingredients.,A couple appears to be filming a cooking show.,,,,,,
yt-cUygizD21xo_35.mp4,"two women in a garden, doing what appears to be a dance routine.","two people clap with their hands in the middle, they step back and clap closer to the floor, they then lift their arms above their heads and move them from left to right",Two females practicing a sequence dance routine together.,Two girls dancing in synchronizing and appearing to be happy,two people doing a synchronised dance,,,,,,
yt-cYECXplgRi4_15.mp4,Woman laughs as baby in highchair chews cake she has given him.,The mom is feeding the the baby dessert and the mom is having fun.,"A woman is happily feeding baby, who is sitting in a feeding station with a bib around his/her neck.",Feeding baby cake,Mother enjoying feeding her baby a cupcake.,,,,,,
yt-ccsCZ0yttAI_264.mp4,"Man is laying on his back on the floor and puts his feet near shoulders of a kneeling man, maybe to learn a defense move.",The man is doing martial arts with the other person.,A man dressed in a white martial arts gear is seen with another man in a position that appears as if the man in uniform is training the other man.,Ju-jitsu,Two men demonstrating self defense techniques.,,,,,,
yt-cf6C48WpbPE_21.mp4,Woman smokes cigarette while man sitting near her looks down at phone or book.,The lady is smoking and the guy is on his phone.,"Two young people are seated in a seemingly relaxed manner, with the person in the foreground smoking a cigaret.",Smoking a cigarette,Man engaging with his cell phone while a woman sitting next to him smokes.,,,,,,
yt-cqmZWMjSuy0_205.mp4,two woman singing and dancing and one is clapping,A woman with a selfie stick dances with a friend,Two Asian women sing and dance.,"Two women dance. One sings while cooking, the other claps.",2 asian ladies are dancing and celebrating,,,,,,
yt-cs7e8XeuSGw_61.mp4,Two members of a band playing instruments. One man playing guitar and the other playing the drums.,A drummer and guitarist performing. With the guitarist singing,"A singer and a drummer are playing in a band, they are playing together but facing outwards towards the audience.",A band playing on stage together.,"two man in fancy golden jacket play music, one as guitarist and another as drummer",A singer and a drummer in a band.,,,,,
yt-dUQG4COAK54_46.mp4,An adult and a child blowing air into their hands as they clap.,A man and boy are cupping their hands and clapping. ,A boy and a man clapping and singing,Two people clapping their hands.,A father and son are playing music without instruments by using their hands and mouths.,,,,,,
yt-eKsNke8uDhE_5.mp4,"Twin babies are waking up hungry from their sleep, one of them is crying hysterically and the other thinks the cloth is a bottle.",two babies. one is crying and the other one is ,two babies crying,"Two young babies, maybe twins, one crying and one nuzzling for food.","Two babies lie together, one screams",Two small kids crying in the bed,"Two babies lying next to each other, one possibly sleeping and the other crying.",A baby is crying as another lies by its side,Two babies crying,"Two babies in white are laying down; one of them is crying, whilst the other is leaning into their shoulder.",baby crying next to another baby while its chewing on the crying babys top
yt-fBN0EWsZbnk_14.mp4,Two children mowing a lawn with lawnmowers.,The man and the boy are mowing the lawn. ,Two boys one older and one younger mowing the lawn walking around,"Kids using lawn mowers, one is a big lawn mower and the other is a tiny lawn mower.",A boy cuts the grass as a younger boy imitates him with his toy lawnmower.,,,,,,
yt-fCaGeX3EZzc_44.mp4,An adult with a toddler sat on her knee chewing a toothbrush,A woman with a squirmy baby on her lap.,Mum letting baby put toothbrush in its mouth,a baby with her mom,Baby brushing teeth.,,,,,,
yt-gEpYfnTt5_c_51.mp4,Two children in a cot smiling and laughing at each other.,Two babies smiling at each other in a cot.,Two babys playing on the floor next to a crib.,"One baby stands, both babies smile.",Two young children are smiling at one another in their crib.,,,,,,
yt-gcN3azy8GDY_38.mp4,"A girl throws a ball, whilst another watches on",a girl picks a ball out of her baseball glove and throws it while another girl is walking over to her,Two adult females are playing a game of baseball and one is kneeling with her glove holding the ball and is preparing to bowl.,2 femals practising sport,Throwing a ball,two people with one person showing the person how to throw the baseball.,,,,,
yt-gdfrW0ohNCU_61.mp4,A young boy playing the drums with headphones on. A lady sitting behind him watching.,black boy drumming with his white teacher behind supervising ,"A boy is playing the drums, a woman is sitting behind him and looking at him.",a child learns to play the drums whilst his teacher watches on.,Little kid takes his time playing drums,A boy is playing the drums wearing headphones.,,,,,
yt-gknOwYMSbPs_2.mp4,"A young adult does a karate kick towards another, who backs away quickly","Two young men are facing each other next to a blue door and the one wearing a blue T shirt demonstrates how to do a flying kick to the one in the black top, who steps back to avoid the kick.",Two youths kickboxing,a person trying out a flying kick,"A man launches a kick at another man, who dodges",,,,,,
yt-gvcE-VktSSg_23.mp4,father playing with a young baby,A man is holding a baby crying with a dog light toy. ,The man is holding a baby. He seems happy and looks at the baby lovingly. The baby is crying. The man shows the bay a small toy.,"A man holds a baby who is crying, the man is trying to soothe the baby with a toy in his hands.",A man holds a baby and a flashing toy which seems to be making the baby cry,,,,,,
yt-gyHCZmoE-Gc_173.mp4,A woman is in the sea and is throwing a fishing rod across the water.,a lady in the same water she is fishing ,older adult in the water fishing,"A couple of ladies in the sea, one doing some fishing.","Two ladies in hip height water in bathing suits, one is casting a fishing line",Two girls in water fishing,Two women standing in a lake on what looks like a bright summer day; one holds a fishing rod which she casts into the water.,"A lady in a bikini tries to cast a fishing line, but apparently fails",A woman casts a fishing line into the water while standing in the water.,An adult woman is fly fishing in the sea ,woman in bikini in the sea swings a fishing rod
yt-hFPoxM6C8v0_4.mp4,2 small toddlers playing,Two kids are playing in their lounge,A toddler is lying on the floor looking at another toddler who puts a toy in his mouth.,"Two children are playing together; one is laying down looking at a younger child, squatting next to them, whilst putting something in it's mouth.","two young children, one on their back, the other squating play with toy tubes of toothpaste",,,,,,
yt-hHV1-no0rkQ_102.mp4,A man helping an elderly man who is on his back.,The student lies on a yoga mat whilst their trainer explains what to do.,A man helping an older woman with her physical ailments.,Man explaining exercise to lying woman.,A woman is laying down on a mat receiving professional physiotherapy advice from a person.,,,,,,
yt-hXKxZId2MC0_139.mp4,"Two people are sitting opposite each other behind drum kits, they appear to be playing music together.",Two men on opposite sides of the screen are playing two sets of drums that are pressed up against each other. Both are playing different rhythms and beats. It does not appear that they are communicating.,2 Friends playing drums together in a room.,Two musicians playing drums.,2 drummers in one room each with a drum set,,,,,,
yt-hhmiJzI5caA_52.mp4,two men sit in a car talking while their arms are out of the window,An older guy and a younger guy are sitting in a car talking.,Two males sitting in the front seats of a car and the older male is talking and holding his hand out the window.,There are two men sitting in a car talking to each other and each has one arm sticking out the window.,Two people sitting in a car chatting.,,,,,,
yt-iHn1BwC1p1I_31.mp4,A girl brushes a boys teeth,a girl is brushing her brother's teeth in the bathroom,Older child is assisting a younger child in cleaning his teeth.,An older child is assisting a younger child with cleaning his teeth.,young girl brushing young males teeth,Brushing teeth,two children with one brushing the others teeth with a toothbrush.,,,,
yt-iRPNwUaA-5w_236.mp4,looks like 2 men in the tall grass area wearing cameo clothes.,One soldier sprays the sole of another soldiers boot which is lifted up by raising the leg backwards.,two men in camo gear are sorting out their gear,Some reason they are cleaning shoes on their hunting mission.,Two soldiers stand in a field while one sprays something on the shoe of another.,,,,,,
yt-iW8qXrKxfsk_18.mp4,The man is feeding the baby.,Man opening his mouth whilst feeding a baby ,A baby in a high chair laughs as a man plays a game with feeding them.,a farther feeding his child at dinner time ,a dad laughing with his baby during feeding time,,,,,,
yt-iYZvTOb0gWU_608.mp4,two women are doing crafting together and the woman in the purple seems to be learning from the other woman,A lady is teaching another lady,Two ladies are looking at a yarn project together.,Two women in front of a shelf full of yarn. One is looking at something knitted.,2 women talking about stitching,,,,,,
yt-ieUSTTGb3P8_9.mp4,"Two babies are taking a bath, one is splashing the water.",Two small twin looking babies in a small baby tub are having a bath. The baby on the left is making splashing water motions as the baby on the right watches.,Two tiny infants having a bath/soak in a basket submerged in a tub,Two bald children playing in the bath.,"2 children in water, one splashing",,,,,,
yt-ix0bg7Lgyas_26.mp4,Two lads playing american football in the garden.,Kids playing football one throwing and one running away to catch,"A girl and boy are playing with a ball, the girl throws the ball to the boy and runs to catch it as the boy throws it to her.",Two friends playing american football together in their garden.,"Girl passes the ball to boy then runs away, then boy passes it back to she",Two boys are playing rugby outside at the end of the day.,,,,,
yt-k2tmlKg0MsU_33.mp4,mother teaching baby,A woman and a kid are watching something on an ipad. ,A woman is holding a toddler on her knee and holding a mirror up to him.,A mother is holding her child while she is showing the child something on a portable device and looking at the child to see the reaction.,a woman and baby watch something on a small screen,,,,,,
yt-k6Ildfvd4wA_76.mp4,A chef talking to a women in a kitchen.,The lady is listening intently to what the man is saying.,A chef talking to a woman in the form of an interview.,Man talking to woman in kitchen.,A chef and another person are talking in a restaurant kitchen.,,,,,,
yt-krmQtsQUk1Q_485.mp4,The dad is making the baby laugh.,Man tickling a laughing baby,A baby on its back laughing as an older man plays with them.,a farther tickling and playing with his son ,a dad tickling his baby,,,,,,
yt-l8je0Vm72u4_988.mp4,A skip is being either loaded up or put down while an operator looks on. ,Men are preparing rubbish for the skip.,Men work outside with large truck.,"Rubbish collectors are standing behind their vehicle, while one is bagging up some rubbish the other is smoking and doing nothing.",Two males trying to remove garbage in a truck. ,,,,,,
yt-lMvo3DnAz2I_37.mp4,The woman is watching the boy feed himself with the spoon. ,A woman smiling while a child sits on her lap and eats,A baby with the mother playing with a spoon.,"An adult female is sitting with a toddler on her knee facing her, who has a plastic spoon in their mouth",An adult woman is smiling while watching a young child attempt to brush their teeth.,,,,,,
yt-lTeHKYHiVcM_15.mp4,A man and a woman are kicking their legs simultaneously as part of a dance routine. ,Two people dancing together.,Woman and man dance together.,"A man and a woman are doing a sort of jive dance together, holding hands, in front of a mirror.",Two adults learning how to dance together.,,,,,,
yt-lif69GRiRLE_101.mp4,2 children seem to be watching something on a tv and dancing to it.,"Two kids follow a TV dance instruction, staring at the TV.",a young boy and girl are dancing to the television,2 children dancing to something on the TV / computer screen,Two small children dance in a living room,,,,,,
yt-lzsldb9fo70_4.mp4,Two kids playing.,One child pushing another in a toy trolley ,One toddler sitting in a toy rolling chair while another toddler stands behind him.,a brother pushing his brother on a toy car ,a small boy getting ready to push his brother in a chair with wheels,,,,,,
yt-m2cwo-pEgDY_25.mp4,shows 2 men talking to each other about the lawn mower .,"An expert telling a leaner about some garden control machinery, both crouched down on a trailer tailgate ramp.",a man is crouching and speaking to another crouched man,Explaining the way to use a grass cutter / Lawn mower,Tow men knelt over a lawnmowers talking,,,,,,
yt-mqSlRcLajN4_267.mp4,"Two men are sitting, one is talking while another sips beer.",A man quietly drinks a beer while a friend watches something in silence.,Two men drink together.,Two men are in a pub and one is drinking beer but his friend is not looking at him or interacting with him. ,Two males in a bar drinking.,,,,,,
yt-n2JqR0WrAFA_35.mp4,A new father is holding and watching intently a young infant who is starting to get a little cranky.,A man tires to comfort a crying baby.,man with crying baby,A man holds a crying baby in his arms.,A guy is holding his baby and the baby is crying,,,,,,
yt-nJH9cpyHtro_94.mp4,Woman plays keyboard and sings as girl behind her plays drums.,The people are playing music and singing.,"Two young female musicians are visible, playing musical instruments.",Playing music,"Two women making music together, one playing the keyboard and the other on the drums.",,,,,,
yt-nk1ilLx3z1E_10.mp4,An adult playing a drum kit while a child stands in front waving sticks.,A man is playing the drums while a boy is swinging mallets. ,A boy stood twirling things in his hand while a man sits drumming behind,An adult playing the drums while the child is moving drum sticks with his hands.,A boy reacts to the live music being played behind him.,,,,,,
yt-o0tfI02ehDE_1.mp4,Two men throwing a small ball in the air and catching it.,Two men throwing and catching two tennis balls.,Two atheltic males throwing tennis balls into the air to each other.,Men catching and throwing ping pong balls.,A person is throwing tennis balls in the air while another person practices catching them and passing them back.,,,,,,
yt-orhTrit8STg_509.mp4,"Two people are in a bedroom, one is sat watching as the other appears to mime talking on a phone using their hand.",A woman with long hair with a blue head band and a white tee shirt is standing up and speaking to a woman with a bob and a jean jacket who is sitting down. In her hands she's holding an item and she's showing herself acting as though she's putting it to her mouth or inside it but doesn't seem to be. The other woman responds in shock. ,"Woman showing something weird or crazy to her friend on the bed, as she watches with shock",Two women doing something with gum.,"2 people talking to each other, one stood one sat",,,,,,
yt-owyra39-RLo_36.mp4,Two teenagers brushing their teeth while looking at each other,A young man and woman are brushing their teeth together and looking at each other affectionately.,A young girl and boy brushing their teeth,2 people brushing their teeth,A man and a woman brush their teeth while facing each other and making eye contact,,,,,,
yt-p2Rry6IQhwE_57.mp4,"A man shows another a piece of wood, gesturing to it with his hand",an old man is talking to another man about wood,Two men are working on a woodwork project.,older man explaining something to a younger man,Doing diy,two people in a workshop and talking about the piece of wood on the table top.,,,,,
yt-pumHrH9tKRo_131.mp4,The woman and child are playing cellos side by side. ,2 people playing the cello,A woman playing violin.,"Two people are sitting behind musical instruments, maybe cellos, and the older female is tutoring the younger male",Two people playing cello's and the person on the right is also singing or talking.,,,,,,
yt-q4bB_q8QAaA_88.mp4,Two men are having a lakeside conversation on a speedboat,two men in a small boat having a talk,a man in the water in his boat moving his arms around,"A man in a boat, telling another person a story.",A man sitting in a speedboat speaks with an older man who is sitting beside him.,Guy speaking in the speedboat,Two men having a conversation while sitting on a stationary sport fishing boat in a river or swamp.,A crewman of a sponsored sport boat is explaining something to his colleague,A sport fisherman having a conversation on his boat,"A man, who is sat on a boat in a body of water, is gesturing and looks to be explaining something","2 men sat inside a boat thats sponsored by toyota and havoc, one man is explaining something to the other man"
yt-q8mU6W5UqPk_27.mp4,Two children playing drum kits next to each other.,Two boys are drumming. ,Two boys sat at two separate drumming kits drumming with headphones on,Two kids playing drums with their drumsticks.,Young boys are playing on a pair of drum sets.,,,,,,
yt-q__8ex88Ow0_60.mp4,"An eating mother checks on her child, who is amused at something.",A mother spending some time with her baby,"A woman with a baby, she is eating something and the baby is laughing.","A woman sits smiling at a baby while holding them and eating a snack, she reaches forward to dip her chip while the baby reaches forward, looks around, and smiles also.","A lady is eating something and has a baby on her lap, the baby looks like it is laughing and the lady smiles.","A woman holding a baby, playing with the baby, and eating. That is what we call multitasking.",happy baby and mother,,,,
yt-qjtSPSnY_Aw_2.mp4,Two woman are moving their arms as part of a dance routine. ,Two women happily dance together.,Two ladies dance together.,"Two girls are dancing together and smiling, with one having her arm around the other one while they dance.",Two females learning how to dance.,,,,,,
yt-qrKK36byJ30_239.mp4,two fishermen out on the river.,"two people fishing, the one behind is talking and the one closest to the camera is nodding",two men having a conversation whilst fishing together on a lake.,"Two men fishing individually, not speaking or interacting with each other",two guys fishing in a lake,,,,,,
yt-qxNosFrsK1k_55.mp4,A baby copying facial expressions,"A man, making faces at a baby, who imitates the expression back.",Dad making funny noises at his baby,a baby and the father ,Teasing a baby. ,,,,,,
yt-rjfxunCrhMk_6.mp4,A man and young girl pretending that they're playing drums. ,a man and little girl sat next to each other and dancing or pretending to play drums,Man and a toddler air drumming together.,A father and daughter are air-drumming,An adult man and a toddler girl are playing air drums.,,,,,,
yt-sNY_HeMbyQc_35.mp4,A crying baby,Someone holding a crying baby.,One baby crying and the other mouthing at the face of the first one,a man carrying his baby,Comforting a baby.,,,,,,
yt-sWfgS1G-cr4_139.mp4,police officer and other man playing drums,Two guys playing muscial instruments and singing. ,"A policeman is playing the drums, while another male is singing and playing a keyboard.","Two men are playing alongside each other in a band; one on piano and singing and another, wearing a police uniform, is playing drums.","A man in a police uniform plays the drums while another man, sat at a keyboard, sings into a microphone",,,,,,
yt-tbKg9FdQZ0g_63.mp4,Two girls play the same drumkit,two girls are playing on a drumkit,One adult female is assisting another adult female with a drum kit.,2 females playing by hand on drum kits,Playing drums ,two people each are both playing the drums.,,,,,
yt-uFP2jKxjIwo_718.mp4,Two people are talking while cooking for dinner.,"a young couple are cooking a meal together, while having a laugh and having some fun.",A man and a woman cook together in a kitchen.,A young man is preparing food in a kitchen and a young lady points to a hot pan and seems amused about something.,An adult male and female in the kitchen preparing food.,,,,,,
yt-uHGsgDLXCns_2999.mp4,a man is talking with a woman in an office,A man is talking to a woman in an office.,A lady and a man are having a serious conversation.,Two people talking in an office.,they are talking casually infront of a pc,,,,,,
yt-vfa6yhHnhsU_151.mp4,Plasti dipping an animal skull.,A man putting an object in water,A man is dipping an object in water and another man is watching.,A man is dipping a sculpture or something he has made into a liquid most likely to help it set. Another man with gloves on is watching as he does it.,A man is standing in front of a water filled chamber and appears to be putting some kind of sea creature into it.,A man doing something with an animal in water.,,,,,
yt-vx-VMETm4g0_154.mp4,A man and a woman is gardening. ,a male and female are doing some weeding and gardening together on a hot summers day.,A man and a woman kneel over and prepare to plant some crops.,A woman istaking leaves of a vegetable whilst occasionally checking on a young man who is using a trowel.,An elderly woman and an adult male engaging in gardening.,,,,,,
yt-vywVJ0J6Vlk_635.mp4,A young boy and a grown up are fishing.,a dad and his son are spending some quality bonding time together by doing some fishing in a waterfall. ,A man and boy fish in a shallow river.,"A father seems to be supervising his son intermittently, whilst fishing, and making sure he is safe whilst joinging him.",A father and son at a small lake equiped for fishing activities,,,,,,
yt-xPT35mB9C28_1226.mp4,Two adult men are riding in the front seat of a car while the passenger is telling the driver something.,A man talks to another man as they drive along in a vehicle.,two people in a car talking,One man in a car talking to another man who is listening to him whilst driving.,One guy is talking to another guy in a vehicle. ,,,,,,
yt-xnqqB-leeaQ_128.mp4,Two woman with an object.,Two women carrying something heavy between them,Two woman carry around what looks to be some kind of out door furnace.,two friends carrying and placing a furnace ,two women carrying a wood stove/heater,,,,,,
yt-xp4X1QnB1GE_1595.mp4,The dad and the boy are fishing.,Child wit a fishing rod being taught by a man,A young boy and a man fishing.,a farther and son fishing at a lake ,a dad teaching his son how to fish in what looks like a pond,,,,,,
yt-yI5VBQahUNE_92.mp4,"Two people are indoors sharing a shisha pipe, one is taking a puff and the other examines the mouthpiece.","Two teenage boys are sat in a dimly lit room. One of the boys is exhaling smoke from a device, which the other boy then takes as though he will also use it to smoke from it.",Two boys smoing a hookah pipe in a room,Two friends ripping a pipe.,one boy is smoking then passes it to his friend,,,,,,
yt-yIvortOp_D8_304.mp4,shows two men in what seems to be a pickup truck driving while having a conversation.,Two country folk from some hot country driving along in a pickup; one guy in a vest and baseball hat the other a beardy with sunglasses smoking a hickory style pipe.,"two men are in a car, one is talking and the other is smoking","Will have a good day fishing today,theweather great",Tow men are in a vehicle and one smokes a pipe.,,,,,,
yt-yNeLe_a2pck_651.mp4,two girls sitting in the river talking.,"two females in water smiling, the one closest to the camera is going deeper under water",Two ladies relaxing in the water having a conversation together.,Two girls giggling and smiling as they chat in a river,"two ladies in some dirty water, up to their shoulders",,,,,,
yt-yQK3lr5cpSU_37.mp4,A father is brushing his toddler boy's teeth.,a mother brushing her child's teeth,a parent brushing their childs teeth,A father encourages his son to open their mouth to brush their teeth by saying Ahhh.,A parent brushes the teeth of a child using a blue toothbrush,Father brushing childrens teeth.,A parent brushing their child's teeth.,A mother is trying to brush the teeth of her young son,A toddler being assisted in brushing his teeth,A woman is helping a young boy brush his teeth,father is trying to brush his sons teeth
yt-ylWmBeCU2LE_101.mp4,Two toddlers play on a slide.,The toddlers are playing and laughing on a slide together.,Two children play on a slide.,A small child is trying to slide down an orange slide but another child is trying to walk up the slide and they are both laughing.,Two kids on a slide playing with each other. ,,,,,,
yt-zGPMQDq1VdU_39.mp4,A lady and toddler gardening together,"A young woman is crouched down, working on a vegetable patch, with a fair-haired toddler joining in the fun.",A mother and toddler in a garden  plot,woman with a little girl in the garden,"A woman tends to the soil in a garden, while an excited toddler attempts to join in",,,,,,
yt-zcz5nb7m-Y4_55.mp4,A young girl feeds her parent.,A baby feeding their parent,A man kisses a babies hand playfully.,A child sits near a man - she reaches forward and feeds him a snack and the man opens his mouth and takes it while the baby smiles.,A child placing something in the mouth of an adult male.,A baby feeding an old man peanuts.,beautiful thing a child feeding there father,,,,
yt_R-62JchDNyM7U_143.mp4,Two men getting boxes ready for packing.,Taking a painting out of a packing trolley and sorting cardboard.,Two people unpacking paintings from a storage box.,Men unpacking paintings.,Two people are busy ,,,,,,
yt_R-8XFRghgHAwk_54.mp4,An adult helping a small baby to open a wrapped gift.,a a baby sitting on his fathers knee while his father helps him to open a gift,A man helping a baby unwrap a present.,A dad helping a baby to unwrap a present,A man is holding a baby in his lap and is helping him unwrap a present.,,,,,,
